{
    "accuracy": 0.9917279411764706,
    "loss": 0.053369902074337006
}