{
    "accuracy": 0.9917279411764706,
    "loss": 0.009142152965068817
}