{
    "accuracy": 0.9917279411764706,
    "loss": 0.6840051412582397
}