{
    "accuracy": 0.9917279411764706,
    "loss": 0.04897843498517485
}